,id,title,release_year,imdb_score,imdb_votes,tmdb_popularity,tmdb_score
1,tm154986,Deliverance,1972,7.7,107673.0,10.01,7.3
2,tm127384,Monty Python and the Holy Grail,1975,8.2,534486.0,15.461,7.811
3,tm120801,The Dirty Dozen,1967,7.7,72662.0,20.398,7.6
5,tm14873,Dirty Harry,1971,7.7,155051.0,12.817,7.5
6,tm119281,Bonnie and Clyde,1967,7.7,112048.0,15.687,7.5
7,tm98978,The Blue Lagoon,1980,5.8,69844.0,50.324,6.156
8,tm44204,The Guns of Navarone,1961,7.5,50748.0,13.844,7.3
9,tm67378,The Professionals,1966,7.3,16446.0,13.123,7.1
17,tm94651,Dostana,1980,2.1,25.0,3.98,4.9
18,tm27298,Saladin the Victorious,1963,7.6,2508.0,4.156,7.1
19,tm100027,Alibaba Aur 40 Chor,1979,6.2,565.0,2.582,6.8
21,tm204541,Dark Waters,1956,6.7,610.0,0.849,5.9
31,tm16812,Bandie,1978,4.4,35.0,1.166,6.0
47,tm40103,Mobile Suit Gundam: Char's Counterattack,1988,7.3,1693.0,8.092,6.7
48,tm125985,Mobile Suit Gundam II: Soldiers of Sorrow,1981,7.2,1274.0,13.125,7.2
52,tm49037,Mobile Suit Gundam III: Encounters in Space,1982,7.6,1236.0,12.741,7.5
55,tm159912,Agneepath,1990,7.6,8947.0,4.062,6.5
65,tm446654,Mujrim,1989,5.4,197.0,1.418,6.0
66,tm348735,Aakhri Adaalat,1988,5.1,92.0,1.374,5.0
68,tm342996,Duniya,1984,6.3,245.0,1.394,6.4640118343195265
70,tm371359,Jaal,1986,5.2,125.0,3.366,5.0
72,tm311264,Muqaddar Ka Faisla,1987,4.8,69.0,2.236,6.4640118343195265
73,tm411457,Pyar Ke Do Pal,1986,6.1,66.0,1.756,6.4640118343195265
74,tm172482,Sohni Mahiwal,1984,6.1,297.0,6.052,5.8
79,tm107744,Mission: Impossible,1996,7.1,420673.0,41.115,6.9
86,tm192037,Starship Troopers,1997,7.3,291452.0,29.5,6.993
87,tm27395,Mission: Impossible II,2000,6.1,337987.0,29.392,6.1
90,tm116655,Léon: The Professional,1994,8.5,1137357.0,51.406,8.323
91,tm116488,Natural Born Killers,1994,7.3,11.0,21.933,7.1
92,tm11556,The Quick and the Dead,1995,6.5,93767.0,13.056,6.5
95,tm49178,Vampires,1998,6.1,58670.0,10.108,6.3
99,tm187187,Last Action Hero,1993,6.4,150498.0,22.196,6.379
101,tm118238,Wyatt Earp,1994,6.7,50774.0,14.677,6.751
102,tm111163,Eraser,1996,6.1,110921.0,19.437,6.0
103,tm190835,Neon Genesis Evangelion: The End of Evangelion,1997,8.0,53152.0,32.569,8.4
105,tm187791,In the Line of Fire,1993,7.2,102916.0,19.8,6.973
107,tm65686,U.S. Marshals,1998,6.5,105286.0,24.205,6.5
108,tm191387,Anaconda,1997,4.8,104213.0,34.405,5.1
110,tm191772,Seven Years in Tibet,1997,7.1,142903.0,13.766,7.2
111,tm12499,The Net,1995,5.9,66667.0,15.935,6.0
112,tm186589,Cliffhanger,1993,6.5,128972.0,27.78,6.5
114,tm10739,Johnny Mnemonic,1995,5.6,71563.0,10.75,5.7
115,tm1822,3 Ninjas Kick Back,1994,4.5,9321.0,12.603,5.5
117,tm192431,The Devil's Own,1997,6.2,65323.0,12.863,6.1
118,tm192199,Spawn,1997,5.2,68184.0,16.989,5.343
120,tm117488,The Next Karate Kid,1994,4.5,30422.0,20.185,5.318
122,tm191431,Double Team,1997,4.8,34396.0,14.599,5.1
127,tm7073,Knight Rider 2000,1991,4.5,3207.0,7.945,5.1
139,tm52871,Soldier,1998,6.2,3063.0,3.623,5.7
146,tm9898,Muthu,1995,7.6,3056.0,3.576,6.9
150,tm58893,Duplicate,1998,5.5,7618.0,4.112,6.0
160,tm340430,Govindha Govindha,1993,6.6,356.0,1.248,4.0
162,tm256669,Gumrah,1993,6.1,795.0,1.763,6.7
165,tm25389,Fiza,2000,6.0,4213.0,2.835,6.3
168,tm334788,Yodha,1991,4.5,198.0,1.554,5.0
170,tm42397,Hello Brother,1999,4.6,4262.0,4.338,5.3
171,tm314602,Dushmani,1995,5.0,249.0,2.045,7.5
175,tm449775,Shikari,1991,5.8,68.0,1.323,5.0
181,tm92641,Inception,2010,8.8,2294231.0,108.284,8.4
182,tm27911,The Departed,2006,8.5,1296244.0,33.795,8.2
184,tm172683,War of the Worlds,2005,6.5,444229.0,36.989,6.474
185,tm42877,Wanted,2008,6.7,384995.0,33.101,6.5
186,tm39030,Casino Royale,2006,8.0,649676.0,40.164,7.518
187,tm997728,Blade Runner: The Final Cut,2007,6.246748323126275,26909.378259595665,0.055091,9.0
191,tm139658,Big Fish,2003,8.0,437650.0,21.158,7.769
193,tm95477,Troy,2004,7.3,527447.0,48.407,7.1
194,tm154187,Sherlock Holmes,2009,7.6,625708.0,43.297,7.2
196,tm45454,Get Smart,2008,6.5,216695.0,22.421,6.2
197,tm26897,Quantum of Solace,2008,6.6,444241.0,31.298,6.304
201,tm70807,I Am Legend,2007,7.2,745093.0,69.139,7.192
205,tm131038,Public Enemies,2009,7.0,300773.0,85.039,6.7
208,tm30603,Hancock,2008,6.4,476593.0,121.985,6.33
211,tm29737,Rambo,2008,7.0,230333.0,72.224,6.6
217,tm116324,Jackass: The Movie,2002,6.6,94423.0,25.23,6.3
221,tm95252,The Book of Eli,2010,6.8,314920.0,30.476,6.8
222,tm32919,Blood Diamond,2006,8.0,541547.0,47.39,7.5
224,tm30205,Ip Man,2008,8.0,222372.0,21.074,7.7
229,tm159901,Miss Congeniality 2: Armed and Fabulous,2005,5.1,74637.0,21.495,5.7
238,tm57190,The One,2001,5.9,92007.0,21.223,6.1
240,tm148379,The Cat in the Hat,2003,4.0,82684.0,66.8,5.3
241,tm137342,Tears of the Sun,2003,6.6,121957.0,43.254,6.797
244,tm141707,Blood and Bone,2009,6.7,33051.0,33.787,7.4
245,tm150214,Freddy vs. Jason,2003,5.7,118925.0,65.747,6.0
246,tm81030,The Golden Compass,2007,6.1,187485.0,20.255,6.0
251,tm700,"10,000 BC",2008,5.1,130813.0,24.671,5.4
252,tm101249,Cop Out,2010,5.5,88026.0,13.63,5.6
253,tm161263,The Cave,2005,5.1,38734.0,13.695,5.3
259,tm43399,Lagaan: Once Upon a Time in India,2001,8.1,111053.0,10.097,7.3
262,tm103095,Ip Man 2,2010,7.5,104500.0,4.516,7.5
273,tm100015,Takers,2010,6.2,62464.0,15.872,6.228
276,tm114476,Stuart Little 2,2002,5.5,54193.0,36.691,5.733
277,tm118462,Half Past Dead,2002,4.6,15740.0,12.906,5.2
279,tm97544,Alpha and Omega,2010,5.1,14362.0,13.523,5.9
281,tm164557,Initial D,2005,6.3,8678.0,18.607,6.7
282,tm80059,Naruto Shippuden the Movie,2007,6.7,4090.0,316.471,7.2
285,tm134235,One Piece: Strong World,2009,7.5,5467.0,39.946,7.5
286,tm160800,Chaos,2005,6.4,54900.0,17.029,6.3
287,tm22342,Waist Deep,2006,5.8,9990.0,15.58,6.6
289,tm85549,Tito,2004,7.2,3214.0,1.814,7.8
293,tm73058,Om Shanti Om,2007,6.7,43052.0,11.847,7.021
299,tm86051,Black Friday,2004,8.4,20768.0,5.753,7.4
300,tm29269,Jodhaa Akbar,2008,7.5,32440.0,11.959,7.4
303,tm41508,First Sunday,2008,4.5,10927.0,8.809,5.6
304,tm49405,Inuyasha the Movie: Affections Touching Across Time,2001,7.2,2593.0,36.262,7.6
306,tm33981,Bon Cop Bad Cop,2006,6.5,61.0,7.956,6.4
311,tm83175,Welcome,2007,7.0,22243.0,8.815,6.5
318,tm34846,Bleach the Movie: Fade to Black,2008,7.1,2207.0,40.732,7.0
319,tm71119,Delta Farce,2007,3.6,11177.0,10.367,5.0
322,tm96037,Naruto Shippuden the Movie: The Lost Tower,2010,6.8,3650.0,97.631,7.0
326,tm93612,Bleach the Movie: Hell Verse,2010,7.4,2416.0,53.143,7.4
327,tm36164,Naruto Shippuden the Movie: Bonds,2008,6.8,4551.0,109.752,7.2
328,tm30170,Don,2006,7.1,37131.0,8.892,7.1
330,tm147494,Naruto Shippuden the Movie: The Will of Fire,2009,7.0,3702.0,101.203,7.3
332,tm89936,Arahan,2004,6.6,3841.0,12.181,6.6
334,tm155761,Ajab Prem Ki Ghazab Kahani,2009,6.3,14603.0,6.675,6.1
336,tm84348,Doing Hard Time,2004,6.246748323126275,26909.378259595665,7.867,5.3
338,tm33067,Race,2008,7.0,63.0,5.732,6.1
339,tm70222,Sivaji: The Boss,2007,7.5,19777.0,7.686,7.1
340,tm105278,Inuyasha the Movie 2: The Castle Beyond the Looking Glass,2002,7.3,2148.0,30.957,7.6
342,tm82718,G.O.R.A.,2004,8.0,62386.0,7.047,7.2
347,tm150521,Accident,2009,6.6,3327.0,5.165,6.6
350,tm80339,Naruto: Ninja Clash in the Land of Snow,2004,6.6,6866.0,50.604,7.2
352,tm93004,Yuva,2004,7.3,8929.0,3.893,6.4
354,tm34524,"One Piece: Episode of Chopper Plus: Bloom in the Winter, Miracle Cherry Blossom",2008,7.0,1233.0,51.441,7.1
355,tm111226,Awara Paagal Deewana,2002,6.2,8393.0,5.941,5.5
358,tm24576,Naruto: Guardians of the Crescent Moon Kingdom,2006,6.4,4050.0,58.559,7.0
362,tm88366,Main Hoon Na,2004,7.0,35484.0,12.629,6.9
367,tm65142,One Piece: The Desert Princess and the Pirates: Adventure in Alabasta,2007,6.9,1660.0,38.807,6.7
369,tm149209,Kaminey,2009,7.4,17219.0,6.585,6.8
374,tm177687,Naruto: Legend of the Stone of Gelel,2005,6.4,4380.0,41.579,6.6
378,tm89764,Inuyasha the Movie 4: Fire on the Mystic Island,2004,7.2,1845.0,34.264,7.7
383,tm152724,Kurbaan,2009,5.7,5162.0,4.865,4.7
384,tm96168,Once Upon a Time in Mumbaai,2010,7.4,17642.0,4.465,6.6
386,tm138902,Inuyasha the Movie 3: Swords of an Honorable Ruler,2003,7.6,2226.0,43.092,7.8
389,tm43179,Oye Lucky! Lucky Oye!,2008,7.7,17538.0,4.31,6.9
390,tm170169,Kaal,2005,4.7,5370.0,5.129,4.3
391,tm84316,Shootout at Lokhandwala,2007,7.1,10213.0,5.534,6.5
392,tm112235,Kannathil Muthamittal,2002,8.4,8491.0,3.739,7.4
406,tm104349,The Unjust,2010,6.6,2217.0,5.963,6.4
415,tm96595,Lakshya,2004,7.8,23262.0,7.299,6.6
422,tm114504,The Legend of Bhagat Singh,2002,8.1,16340.0,3.79,6.9
423,tm340006,Banyuki,2009,7.1,17.0,0.843,6.4640118343195265
427,tm81864,Twins Mission,2007,5.2,695.0,5.828,5.0
430,tm164591,Apaharan,2005,7.4,4773.0,3.86,6.3
431,tm130301,Gangaajal,2003,7.8,17148.0,2.417,6.3
438,tm34924,Beast Stalker,2008,6.8,2219.0,4.046,6.7
439,tm49865,Aamir,2008,7.6,11290.0,4.053,6.9
440,tm598375,Chhota Bheem Aur Krishna,2008,6.4,327.0,1.113,6.8
442,tm62369,Connected,2008,6.6,2291.0,4.903,6.3
445,tm91125,Fida,2004,5.4,2638.0,2.932,5.2
449,tm57586,Mission Istaanbul,2008,3.4,1169.0,1.009,3.2
451,tm42831,Kyo Kii... Main Jhuth Nahin Bolta,2001,5.3,2232.0,2.593,5.4
455,tm142153,Kisaan,2009,5.5,305.0,1.844,6.3
456,tm92671,Once a Gangster,2010,5.7,500.0,3.253,6.3
484,tm44730,The Amazing Spider-Man,2012,6.9,646119.0,159.056,6.7
485,tm39888,The Dark Knight Rises,2012,8.4,1669067.0,91.76,7.768
486,tm166978,Mission: Impossible - Ghost Protocol,2011,7.4,485301.0,76.839,7.0
491,tm171885,Kung Fu Panda 2,2011,7.2,280433.0,69.551,6.9
492,tm158304,Contagion,2011,6.8,301531.0,33.992,6.6
493,tm178201,Sherlock Holmes: A Game of Shadows,2011,7.4,449965.0,51.119,7.1
494,tm36237,Contraband,2012,6.4,122383.0,46.41,6.3
495,tm40319,Savages,2012,6.4,129746.0,15.525,6.4
497,tm74848,Total Recall,2012,6.2,253352.0,51.651,5.967
498,tm168921,The Smurfs,2011,5.4,90097.0,56.324,5.8
501,tm167232,Unknown,2011,6.8,260783.0,63.884,6.7
502,tm38980,Rise of the Guardians,2012,7.2,173157.0,52.108,7.4
503,tm69926,Here Comes the Boom,2012,6.4,90126.0,15.732,6.2
504,tm60844,Berserk: The Golden Age Arc I - The Egg of the King,2012,7.5,12548.0,20.928,7.4
505,tm62210,Rurouni Kenshin Part I: Origins,2012,7.4,26098.0,26.93,7.591
508,tm176507,Jackass 3.5,2011,6.246748323126275,26909.378259595665,19.565,6.3
519,tm59590,One Piece Film: Z,2012,7.8,7243.0,52.89,7.5
523,tm164353,Singham,2011,6.8,16827.0,7.066,6.7
524,tm38064,Berserk: The Golden Age Arc II - The Battle for Doldrey,2012,7.7,10470.0,20.201,7.5
532,tm177258,Delhi Belly,2011,7.5,29927.0,6.638,7.0
535,tm65765,6 Bullets,2012,6.0,14988.0,31.445,6.1
537,tm177044,Naruto Shippuden the Movie: Blood Prison,2011,7.1,5104.0,184.852,7.2
544,tm35700,Paan Singh Tomar,2012,8.2,36077.0,4.424,7.4
545,tm170395,Sniper: Reloaded,2011,6.246748323126275,26909.378259595665,13.983,6.1
548,tm183037,Don 2,2011,7.0,52750.0,9.333,7.0
554,tm59372,Arjun: The Warrior Prince,2012,6.7,14.0,3.031,6.2
558,tm54780,Tiger & Bunny: The Beginning,2012,6.6,264.0,2.996,6.5
561,tm59289,Rowdy Rathore,2012,5.7,22497.0,6.89,6.1
566,tm54371,Mugamoodi,2012,5.1,1215.0,3.958,5.0
567,tm172883,Game,2011,5.2,2353.0,4.612,5.2
568,tm174518,Bodyguard,2011,4.6,25778.0,7.661,5.3
572,tm38013,Players,2012,4.2,4534.0,4.977,5.2
576,tm71992,Grandmaster,2012,6.9,2211.0,3.101,6.5
584,tm166740,Chhota Bheem & Krishna in Mayanagari,2011,8.7,13.0,1.028,5.1
587,tm172353,Bbuddah Hoga Terra Baap,2011,5.6,2908.0,2.229,5.2
590,tm53360,Blood Money,2012,5.0,1480.0,31.391,6.1
591,tm180532,Shaitan,2011,7.2,8475.0,4.098,6.4
592,tm34142,Department,2012,3.2,1058.0,2.125,6.0
594,tm70652,Thaandavam,2012,6.1,2034.0,2.596,5.6
600,tm53829,Blitz Patrollie,2012,5.4,145.0,1.96,6.4640118343195265
604,tm30278,Vettai,2012,6.0,2450.0,3.941,6.8
605,tm165932,Muran,2011,6.3,294.0,1.181,6.3
608,tm182026,Zokkomon,2011,4.0,411.0,1.927,6.8
621,tm176864,Rush,2013,8.1,471586.0,29.759,7.7
625,tm134967,How to Train Your Dragon 2,2014,7.8,330975.0,134.7,7.67
626,tm183523,Oldboy,2013,5.7,75728.0,20.164,5.9
630,tm182429,Olympus Has Fallen,2013,6.5,274270.0,55.607,6.4
639,tm168400,Empire State,2013,5.2,21538.0,39.273,5.4
640,tm161282,Penguins of Madagascar,2014,6.6,89930.0,92.315,6.505
641,tm148671,A Walk Among the Tombstones,2014,6.5,121232.0,67.95,6.309
642,tm171042,The Call,2013,6.7,121843.0,41.764,6.8
645,tm165521,Redemption,2013,6.246748323126275,26909.378259595665,52.251,6.2
646,tm141648,Seventh Son,2014,5.5,76939.0,45.215,5.5
651,tm161029,Mr. Peabody & Sherman,2014,6.8,69669.0,37.533,6.7
661,tm140342,"I, Frankenstein",2014,5.1,80985.0,22.094,5.3
662,tm151447,The November Man,2014,6.2,67737.0,19.151,6.1
676,tm148910,Haider,2014,8.1,54709.0,7.372,7.1
682,tm167944,Berserk: The Golden Age Arc III - The Advent,2013,7.8,10173.0,41.099,7.6
689,tm139617,Dragons: Dawn Of The Dragon Racers,2014,6.246748323126275,26909.378259595665,41.761,7.2
692,tm151927,Mary Kom,2014,6.8,10769.0,4.917,7.1
696,tm181092,Race 2,2013,5.3,16455.0,4.49,5.6
697,tm180802,LEGO Marvel Super Heroes: Maximum Overload,2013,6.246748323126275,26909.378259595665,10.788,6.2
699,tm168685,The Berlin File,2013,6.6,7198.0,7.911,6.7
703,tm144021,LEGO DC Comics Super Heroes: Batman Be-Leaguered,2014,6.5,1340.0,12.506,6.9
706,tm181550,Once Upon a Time in Mumbai Dobaara!,2013,4.4,7204.0,3.627,5.5
709,tm186161,Boss,2013,5.1,11159.0,3.181,5.7
710,tm183002,Madras Cafe,2013,7.6,24506.0,7.356,6.6
713,tm157062,Anjaan,2014,5.3,5018.0,4.673,5.8
715,tm165504,Blind Detective,2013,6.4,3300.0,7.454,6.0
717,tm35895,Buddies,2013,6.5,1082.0,3.198,6.9
727,tm176481,Chennai Express,2013,6.0,53939.0,8.622,6.6
728,tm137379,Silent,2014,6.246748323126275,26909.378259595665,3.596,7.0
730,tm167107,Saheb Biwi Aur Gangster Returns,2013,6.7,3997.0,3.099,6.8
750,tm152273,Tiger & Bunny: The Rising,2014,6.7,334.0,3.39,5.8
752,tm183654,SDU: Sex Duties Unit,2013,5.9,492.0,3.625,5.8
755,tm145658,The Amazing Praybeyt Benjamin,2014,4.0,195.0,1.584,3.5
756,tm151860,Free to Play,2014,7.6,13341.0,5.11,7.0
773,tm323262,Seven Souls in the Skull Castle,2013,7.3,49.0,2.885,6.4640118343195265
791,tm146144,Bobby Jasoos,2014,5.5,2331.0,1.886,5.9
800,tm171891,Himmatwala,2013,1.7,8648.0,0.6,3.3
808,tm144451,Cold Harbour,2014,5.2,215.0,1.955,4.2
812,tm176553,Doctor Bello,2013,4.8,54.0,1.802,6.0
814,tm138280,Sigaram Thodu,2014,6.1,462.0,1.509,5.4
816,tm159094,Naan Sigappu Manithan,2014,6.5,1092.0,2.416,6.4
820,tm179248,Settai,2013,4.5,525.0,2.696,5.1
828,tm243100,Hell or High Water,2016,7.6,227350.0,28.227,7.303
832,tm135307,Blackhat,2015,5.4,58192.0,38.675,5.5
833,tm205890,The Take,2016,6.3,43449.0,17.563,6.3
837,tm140391,Pan,2015,5.7,63788.0,24.494,6.0
839,tm137869,Wild Card,2015,5.6,55605.0,66.805,5.6
842,tm137002,Bāhubali: The Beginning,2015,8.0,120110.0,57.23,7.6
846,tm143984,London Has Fallen,2016,5.9,157409.0,47.627,6.145
848,tm120108,Kung Fu Panda 3,2016,7.1,155678.0,91.033,6.851
850,tm212927,Mr. Right,2016,6.3,55955.0,16.884,6.439
855,tm143085,Chappie,2015,6.8,249345.0,117.369,6.8
856,tm245271,Gantz:O,2016,7.1,14950.0,28.818,7.3
857,tm135106,In a Valley of Violence,2016,6.0,18987.0,13.597,6.1
866,tm140843,Self/less,2015,6.5,98837.0,24.941,6.407
869,tm204035,Spectral,2016,6.3,59040.0,30.663,6.43
872,tm239743,Batman: The Killing Joke,2016,6.4,56275.0,25.747,6.615
874,tm208622,American Ultra,2015,6.1,89912.0,20.733,6.1
882,tm244403,ARQ,2016,6.3,39108.0,20.157,6.1
886,tm230551,Ip Man 3,2015,7.0,54977.0,38.051,7.0
887,tm228677,The Space Between Us,2016,6.4,52698.0,23.219,7.1
891,tm205812,The Siege of Jadotville,2016,7.2,39404.0,11.351,7.2
894,tm215638,Boyka: Undisputed IV,2016,6.246748323126275,26909.378259595665,145.287,7.0
896,tm214825,The Ridiculous 6,2015,4.8,47935.0,40.711,5.152
898,tm239707,The Do-Over,2016,5.7,46260.0,11.466,5.672
900,tm239733,Headshot,2016,6.3,14824.0,19.074,6.5
902,tm232953,Sleight,2016,5.9,8644.0,5.226,5.4
905,tm134516,"Crouching Tiger, Hidden Dragon: Sword of Destiny",2016,6.1,19500.0,21.103,6.1
908,tm233317,Pee-wee's Big Holiday,2016,6.1,8064.0,10.884,6.2
914,tm221225,David Brent: Life on the Road,2016,6.3,20005.0,8.871,6.135
918,tm139194,Ratchet & Clank,2016,5.5,10919.0,22.825,5.8
920,tm233544,Marco Polo: One Hundred Eyes,2015,7.8,10742.0,6.475,7.3
922,tm233616,LEGO Marvel Super Heroes: Avengers Reassembled!,2015,6.1,862.0,16.252,6.5
923,tm244381,Marauders,2016,5.5,21929.0,17.087,5.8
925,tm244915,Baaghi,2016,5.3,8994.0,16.534,6.4
929,tm240007,Sniper: Ghost Shooter,2016,6.246748323126275,26909.378259595665,24.331,6.6
933,tm219173,Term Life,2016,5.5,8030.0,16.084,5.9
937,tm205870,Message from the King,2016,6.4,16513.0,15.381,6.2
941,tm271070,The Warriors Gate,2016,5.4,5098.0,15.133,6.7
948,tm235405,Hyena Road,2015,6.5,7839.0,9.363,6.7
954,tm290444,Pandora,2016,6.6,7416.0,27.496,7.5
959,tm225275,Riot,2015,5.1,3369.0,12.429,5.8
961,tm308241,Legends of the Hidden Temple,2016,5.6,921.0,3.528,6.7
962,tm213681,Veteran,2015,7.0,6611.0,9.614,6.9
963,tm139870,Opening Night,2016,6.0,2662.0,7.809,5.9
965,tm246175,The 101-Year-Old Man Who Skipped Out on the Bill and Disappeared,2016,6.3,6023.0,7.299,6.4
970,tm266844,True Memoirs of an International Assassin,2016,5.9,22891.0,16.152,5.8
971,tm300713,High & Low The Movie,2016,6.4,583.0,2.513,6.0
976,tm224377,Heneral Luna,2015,7.3,2132.0,3.448,7.8
978,tm241998,Mohenjo Daro,2016,5.6,11693.0,8.73,6.5
980,tm242646,Toro,2016,5.9,3256.0,8.146,6.0
982,tm208713,Gabbar Is Back,2015,7.1,24975.0,7.397,7.2
987,tm201365,Brothers,2015,6.4,13003.0,5.554,6.6
996,tm221883,Gridlocked,2016,5.8,4604.0,14.458,5.8
1011,tm240162,Udta Punjab,2016,7.7,30276.0,8.861,7.2
1016,tm282915,Fate/Grand Order: First Order,2016,5.7,896.0,12.341,6.8
1019,tm272854,Force 2,2016,6.2,5550.0,5.209,6.6
1027,tm233570,Beauty and the Bestie,2015,4.6,297.0,2.213,4.8
1035,tm228839,Ali Baba and the 7 Dwarfs,2015,5.6,20155.0,3.728,5.2
1044,tm238829,Open Season: Scared Silly,2015,6.246748323126275,26909.378259595665,24.391,5.9
1051,tm244868,The Flower of Aleppo,2016,5.4,128.0,1.4,6.2
1052,tm245155,The Worthy,2016,5.1,2004.0,5.348,4.8
1054,tm456667,Black,2015,4.3,74.0,0.6,6.4640118343195265
1066,tm283938,Selfie 69,2016,6.1,1700.0,4.445,6.8
1081,tm307997,Offline: Are You Ready for the Next Level?,2016,5.0,783.0,16.734,5.4
1083,tm219699,Phantom,2015,5.9,9281.0,3.083,5.6
1084,tm234136,MindGamers,2015,3.6,1111.0,1.593,4.3
1093,tm224255,Very Big Shot,2015,6.9,1405.0,1.669,6.7
1110,tm375681,S Storm,2016,5.1,721.0,2.201,5.7
1111,tm316567,HiGH&LOW: The Red Rain,2016,6.1,296.0,2.529,7.8
1116,tm66466,Wazir,2016,7.2,18681.0,5.319,6.6
1117,tm340927,Motu Patlu: King Of Kings,2016,6.5,165.0,2.208,9.0
1133,tm226320,Kara Bela,2015,6.7,9056.0,3.656,6.6
1135,tm319354,Santa Pac's Merry Berry Day,2016,6.246748323126275,26909.378259595665,1.605,5.5
1140,tm235232,Misunderstanding,2015,4.3,780.0,1.441,6.4640118343195265
1149,tm246810,Santa Banta Pvt Ltd,2016,2.7,283.0,2.241,3.8
1154,tm211571,Niyazi Gül Dörtnala,2015,4.5,3170.0,2.395,4.2
1157,tm1223831,Motu Patlu Aur Khazaane Ki Race,2015,6.246748323126275,26909.378259595665,20.314545995042334,6.4640118343195265
1162,tm235005,Oloibiri,2015,5.1,183.0,1.396,6.4640118343195265
1170,tm424879,Road To High & Low,2016,6.6,185.0,4.102,6.0
1179,tm350727,Hajwala: The Missing Engine,2016,2.0,255.0,1.389,6.2
1190,tm239091,Blade Runner 2049,2017,8.0,549712.0,67.788,7.5
1191,tm313149,12 Strong,2018,6.5,79980.0,67.199,6.2
1195,tm232797,Dunkirk,2017,7.8,619645.0,36.684,7.5
1199,tm318206,Den of Thieves,2018,7.0,110108.0,47.326,6.7
1200,tm266714,CHiPS,2017,6.0,46783.0,34.887,6.1
1205,tm244174,Okja,2017,7.3,116305.0,25.911,7.415
1206,tm288010,Final Score,2018,5.7,11967.0,17.411,6.1
1210,tm414073,Backtrace,2018,3.8,4453.0,19.984,5.4
1213,tm239286,The Cloverfield Paradox,2018,5.5,104068.0,21.122,5.6
1214,tm272060,What Happened to Monday,2017,6.8,121772.0,60.669,7.2
1217,tm370212,Adrift,2018,6.6,55597.0,17.991,6.9
1220,tm350,The Bad Batch,2017,5.2,31275.0,18.249,5.3
1223,tm233482,The Foreigner,2017,7.0,113338.0,32.05,6.8
1225,tm319818,Outlaw King,2018,6.9,70822.0,24.14,6.8
1240,tm244332,Beirut,2018,6.4,22065.0,10.945,6.3
1243,tm221953,Bāhubali 2: The Conclusion,2017,8.2,94421.0,38.877,7.3
1250,tm299677,Hold the Dark,2018,5.6,36928.0,16.591,5.318
1254,tm244307,Bright,2017,6.3,185996.0,36.593,6.2
1257,tm310706,Extinction,2018,5.8,52635.0,28.029,6.009
1260,tm422491,Speed Kills,2018,4.2,3244.0,14.407,5.6
1262,tm315340,The Night Comes for Us,2018,6.9,25839.0,12.473,6.8
1266,tm243326,Anon,2018,6.1,42608.0,21.915,5.919
1268,tm323634,A-X-L,2018,5.3,11920.0,32.431,6.3
1275,tm245176,Sand Castle,2017,6.3,23158.0,27.077,6.5
1281,tm349278,Ravenous,2017,5.8,9205.0,10.328,5.8
1291,tm321224,"Game Over, Man!",2018,5.4,30218.0,14.358,5.5
1302,tm324155,Security,2017,5.7,18943.0,31.419,6.2
1303,tm244148,Mowgli: Legend of the Jungle,2018,6.5,61622.0,24.646,6.5
1305,tm420745,How It Ends,2018,5.0,52709.0,18.214,5.3
1306,tm217228,Death Note,2017,4.5,84119.0,22.306,4.2
1314,tm211554,Beyond Skyline,2017,5.3,21834.0,10.535,5.2
1317,tm328443,Illang: The Wolf Brigade,2018,5.9,5138.0,17.354,6.4
1322,tm139545,The Outsider,2018,6.2,25608.0,11.155,6.2
1332,tm300184,iBoy,2017,6.0,22594.0,14.284,6.0
1339,tm406111,The Debt Collector,2018,5.8,7541.0,29.382,5.9
1349,tm327199,The Saint,2017,4.9,6669.0,19.06,5.3
1354,tm322243,Shimmer Lake,2017,6.3,14098.0,20.508,5.9
1356,tm312577,Fullmetal Alchemist,2017,5.2,19493.0,15.705,5.3
1357,tm413049,Animal World,2018,6.4,4447.0,24.922,7.2
1358,tm346467,Wheelman,2017,6.4,20351.0,15.282,6.1
1361,tm266652,Bleach,2018,6.4,11406.0,25.802,6.6
1366,tm317110,Psychokinesis,2018,5.9,5643.0,23.968,6.157
1370,tm241990,Blame!,2017,6.6,8044.0,31.452,6.4
1372,tm324820,MFKZ,2018,6.7,4412.0,7.664,7.1
1378,tm315584,Godzilla: Planet of the Monsters,2017,6.0,8548.0,15.942,6.3
1381,tm425138,Godzilla: The Planet Eater,2018,5.0,4196.0,34.899,6.5
1383,tm244519,Birth of the Dragon,2017,5.6,8220.0,23.051,5.8
1385,tm298779,Lu Over the Wall,2017,6.8,2269.0,8.944,7.0
1392,tm1883,Animal Crackers,2017,5.8,3422.0,32.235,6.3
1404,tm348003,Acts of Vengeance,2017,5.7,12160.0,23.289,5.899
1411,tm366019,BuyBust,2018,5.7,1902.0,4.931,6.0
1421,tm420656,Reprisal,2018,4.2,7504.0,13.316,5.3
1432,tm357479,Day of the Dead: Bloodline,2017,3.4,11909.0,19.869,4.6
1443,tm327540,Gnome Alone,2017,5.6,3488.0,15.668,6.2
1445,tm344886,The Angel,2018,6.6,14115.0,9.032,6.7
1448,tm325102,Puss in Book: Trapped in an Epic Tale,2017,6.246748323126275,26909.378259595665,26.998,6.5
1456,tm363231,Godzilla: City on the Edge of Battle,2018,5.8,4896.0,19.716,6.5
1460,tm266702,The Climb,2017,6.9,7505.0,13.045,6.8
1464,tm311319,Manhunt,2017,5.2,3247.0,11.686,5.6
1467,tm344336,Burn Out,2018,6.2,3803.0,21.048,6.8
1470,tm374845,The Seven Deadly Sins: Prisoners of the Sky,2018,7.1,4768.0,29.994,7.6
1471,tm311995,The Battleship Island,2017,7.1,7095.0,27.413,7.2
1473,tm515157,Point Blank,2017,5.7,14324.0,12.985,6.1
1476,tm371952,Sarkar,2018,7.0,18453.0,4.559,6.0
1485,tm317491,Spyder,2017,6.3,10339.0,3.35,5.4
1486,tm327053,The Killer,2017,6.0,2664.0,17.109,6.2
1496,tm321628,Rip Tide,2017,5.4,3472.0,17.594,6.2
1499,tm326704,Parmanu: The Story of Pokhran,2018,7.6,23973.0,5.7,7.0
1505,tm244274,Lowriders,2017,5.6,2542.0,9.863,6.7
1507,tm376234,The Warning,2018,5.9,6356.0,8.052,6.0
1509,tm327622,S.W.A.T.: Under Siege,2017,4.5,3572.0,28.251,5.8
1512,tm429208,Next Gen,2018,6.6,17445.0,16.957,7.0
1517,tm318641,Justice,2017,4.0,1237.0,5.604,5.8
1519,tm233485,Charming,2018,5.6,3518.0,14.649,6.5
1523,tm307843,Angamaly Diaries,2017,7.9,6013.0,3.606,7.3
1530,tm244292,Bibi & Tina: Perfect Pandemonium,2017,4.0,470.0,5.562,5.5
1534,tm376015,LEGO Marvel Super Heroes: Guardians of the Galaxy - The Thanos Threat,2017,5.8,451.0,13.946,7.1
1537,tm372662,The Skin of the Wolf,2018,5.8,3108.0,11.772,5.2
1540,tm270987,Sahara,2017,5.5,2802.0,20.636,5.894
1552,tm287041,Jailbreak,2017,5.4,1467.0,3.748,5.9
1558,tm417317,Bhavesh Joshi Superhero,2018,7.6,8857.0,4.151,8.0
1565,tm296398,Steel Rain,2017,7.1,5581.0,14.511,7.2
1569,tm244521,Catfight,2017,5.9,6323.0,6.831,5.5
1573,tm428073,When Angels Sleep,2018,5.5,3684.0,7.521,5.6
1574,tm356563,The Stolen,2017,5.3,1330.0,6.15,5.5
1578,tm427143,Edge of Fear,2018,4.4,3187.0,8.766,4.7
1602,tm418039,LEGO Marvel Super Heroes: Black Panther - Trouble in Wakanda,2018,5.6,572.0,10.798,6.7
1604,tm440678,Revenger,2018,5.7,4311.0,18.767,5.3
1609,tm307774,Jagga Jasoos,2017,6.3,10283.0,6.005,6.0
1610,tm299396,Getaway Plan,2017,5.6,1867.0,9.103,5.5
1611,tm366972,The Drug King,2018,6.2,3159.0,15.052,6.287
1617,tm305112,The Fortress,2017,6.8,2537.0,10.294,6.6
1621,tm233484,Duck Duck Goose,2018,5.7,3721.0,12.075,6.2
1624,tm363878,Aiyaary,2018,5.2,4732.0,5.373,5.6
1631,tm440255,The Plagues of Breslau,2018,5.9,5012.0,10.792,6.3
1638,tm286532,Rock my Heart,2017,6.5,993.0,7.023,7.2
1639,tm320817,Mersal,2017,7.5,33832.0,8.293,7.2
1646,tm307767,Baadshaho,2017,4.9,4880.0,4.073,5.8
1677,tm431760,Paskal,2018,6.8,2964.0,21.554,7.7
1687,tm322200,Superlopez,2018,5.4,3635.0,10.953,5.3
1691,tm244277,Pa Paandi,2017,7.4,1734.0,2.999,7.0
1698,tm309115,Naam Shabana,2017,6.2,6757.0,6.256,5.8
1705,tm421125,The Suit,2018,5.3,1645.0,1.837,7.0
1707,tm275004,Bon Cop Bad Cop 2,2017,6.6,4152.0,8.058,6.4
1725,tm321073,Judwaa 2,2017,3.6,10740.0,5.689,5.8
1733,tm328052,Sparring,2017,6.4,627.0,4.202,5.8
1738,tm413129,Goyo: The Boy General,2018,6.7,799.0,3.961,7.0
1744,tm283322,Burning Sands,2017,6.0,2854.0,9.374,5.8
1760,tm456983,Mauli,2018,5.5,365.0,1.025,5.0
1763,tm319310,CIA: Comrade In America,2017,6.4,3088.0,2.548,6.0
1774,tm324204,Monster Island,2017,4.7,739.0,9.182,5.6
1776,tm443034,Your Son,2018,6.1,4796.0,10.487,5.7
1802,tm430090,The Last Runaway,2018,5.9,727.0,19.794,7.1
1818,tm436266,Born Racer,2018,6.1,262.0,1.917,7.7
1822,tm408781,Teefa in Trouble,2018,7.0,3659.0,3.176,7.6
1835,tm321149,Fishtronaut: The Movie,2018,7.5,73.0,6.934,8.0
1878,tm430426,El Diesel,2018,4.5,455.0,2.001,6.1
1884,tm374395,Vanjagar Ulagam,2018,6.1,258.0,1.4,4.8
1886,tm426238,Pulang,2018,6.7,594.0,2.151,5.9
1893,tm429174,Gun City,2018,6.3,3895.0,6.61,6.4
1899,tm431214,Back to Q82,2017,6.1,104.0,1.144,6.4640118343195265
1911,tm246330,Pandigai,2017,6.3,285.0,1.211,6.5
1919,tm416341,HiGH&LOW The Movie 3: Final Mission,2017,7.1,656.0,5.265,6.4
1941,tm242887,Sei,2018,4.2,67.0,1.09,4.3
1947,tm376421,HiGH&LOW The Movie 2: End of Sky,2017,7.1,396.0,3.198,7.7
2011,tm430459,La Leyenda del Diamante,2018,3.3,51.0,12.871,5.25
2020,tm430748,Neevevaro,2018,6.9,809.0,1.677,6.5
2025,tm493814,Satria Heroes: Revenge of the Darkness,2017,4.4,69.0,20.314545995042334,6.4640118343195265
2027,tm465864,Hajwala 2: Mysterious Mission,2018,3.9,93.0,1.533,4.0
2046,tm441050,The Gentlemen,2019,7.8,325385.0,67.919,7.687
2051,tm496322,Extraction,2020,6.7,196105.0,51.91,7.4
2056,tm911973,Enola Holmes,2020,6.6,162511.0,22.461,7.3
2057,tm849003,The Old Guard,2020,6.6,158247.0,20.588,7.2
2065,tm414584,Rambo: Last Blood,2019,6.1,96740.0,88.199,6.5
2067,tm412937,Trading Paint,2019,4.4,1996.0,8.786,5.6
2073,tm431321,21 Bridges,2019,6.6,65845.0,29.285,6.7
2074,tm417553,6 Underground,2019,6.1,172083.0,68.45,6.327
2077,tm827648,El Camino: A Breaking Bad Movie,2019,7.3,216847.0,42.566,6.91
2081,tm916405,The Outpost,2020,6.8,32952.0,31.294,6.9
2083,tm244207,Triple Frontier,2019,6.4,125883.0,28.54,6.3
2085,tm423666,The Wandering Earth,2019,5.9,30297.0,25.187,6.4
2089,tm1121246,Code 8,2019,6.1,39469.0,18.193,6.2
2093,tm983787,Ava,2020,5.4,54279.0,155.235,5.753
2097,tm441231,Murder Mystery,2019,6.0,124599.0,22.376,6.2
2121,tm499045,Occupation: Rainfall,2020,5.2,14219.0,16.63,6.5
2125,tm927718,The Paper Tigers,2020,6.3,4341.0,4.665,6.9
2133,tm878333,Pokémon the Movie: Secrets of the Jungle,2020,6.4,1942.0,110.86,7.027
2134,tm893480,Project Power,2020,6.0,86407.0,22.48,6.5
2136,tm820190,#Alive,2020,6.3,38313.0,58.967,7.3
2137,tm853953,Tremors: Shrieker Island,2020,6.246748323126275,26909.378259595665,21.871,6.3
2142,tm361998,The Wolf's Call,2019,6.9,17468.0,15.545,7.6
2143,tm451078,Pokemon the Movie: Mewtwo Strikes Back - Evolution,2019,5.7,5475.0,146.188,6.7
2145,tm450375,Thackeray,2019,5.3,3365.0,2.821,5.3
2148,tm449105,Polar,2019,6.3,88281.0,30.208,6.3
2150,tm498803,Spenser Confidential,2020,6.2,86593.0,21.502,6.545
2152,tm315255,Ip Man 4: The Finale,2019,7.0,31692.0,19.541,7.2
2154,tm411750,Doom: Annihilation,2019,3.7,9281.0,29.955,4.9
2157,tm434553,Cut Throat City,2020,4.8,2594.0,10.445,6.6
2159,tm927037,The Water Man,2020,5.4,3880.0,13.201,6.2
2169,tm925486,Jiu Jitsu,2020,2.9,8693.0,96.709,5.0
2172,tm420455,Rim of the World,2019,5.2,23987.0,22.933,6.0
2173,tm925584,The Vanished,2020,5.7,10378.0,13.281,6.0
2175,tm423140,Avengement,2019,6.5,15685.0,17.407,6.8
2182,tm974366,We Can Be Heroes,2020,4.7,14759.0,72.986,6.2
2186,tm810547,Night in Paradise,2020,6.7,6747.0,61.796,6.9
2193,tm935309,Skylines,2020,4.7,8139.0,92.324,5.6
2196,tm852996,Captain Underpants: Epic Choice-o-rama,2020,6.4,80.0,4.5,8.0
2201,tm856375,The Decline,2020,6.0,8782.0,7.679,6.2
2204,tm918706,The Sleepover,2020,5.6,10399.0,9.88,6.5
2227,tm452851,The Operative,2019,5.7,6250.0,18.028,5.7
2228,tm465724,See You Yesterday,2019,5.2,10725.0,7.583,5.6
2230,tm451512,Close,2019,5.7,24755.0,17.405,5.82
2243,tm283581,Super Deluxe,2019,8.4,13680.0,7.084,7.8
2249,tm460829,Children of the Sea,2019,6.5,2850.0,17.945,7.2
2250,tm853396,Dragonheart: Vengeance,2020,6.246748323126275,26909.378259595665,35.14,7.0
2263,tm850723,Altered Carbon: Resleeved,2020,6.5,6127.0,81.179,6.5
2266,tm524282,Invader ZIM: Enter the Florpus,2019,7.4,5796.0,10.288,7.6
2268,tm451548,The Fable,2019,6.5,1838.0,3.501,6.5
2271,tm812916,The Stronghold,2020,6.9,10013.0,100.742,7.479
2277,tm893799,Lost Bullet,2020,6.3,9479.0,12.144,6.7
2306,tm922532,Freaks – You're One of Us,2020,5.4,5809.0,11.865,5.7
2308,tm453850,Time to Hunt,2020,6.3,5621.0,14.681,7.2
2310,tm455059,We Die Young,2019,5.2,4181.0,17.605,6.9
2312,tm888080,The Last Days of American Crime,2020,3.7,11465.0,9.916,6.7
2321,tm1127695,The Endless Trench,2019,7.2,6400.0,10.223,7.0
2326,tm823355,Inside Man: Most Wanted,2019,5.6,3967.0,19.139,6.6
2333,tm814644,Coffee & Kareem,2020,5.1,13535.0,11.17,5.5
2336,tm454824,Silver Skates,2020,7.1,5946.0,13.837,7.9
2337,tm853113,Thomas & Friends: Marvelous Machinery,2020,6.1,16.0,1.21,2.0
2338,tm885805,Debt Collectors,2020,5.8,4347.0,15.007,6.1
2347,tm461829,The Hard Way,2019,4.8,3250.0,16.86,5.4
2352,tm838876,Undercover Brother 2,2019,3.4,690.0,4.658,3.9
2355,tm827304,LEGO Marvel Spider-Man: Vexed by Venom,2019,5.6,311.0,9.62,7.2
2359,tm467848,NiNoKuni,2019,6.1,3338.0,19.73,6.7
2360,tm917974,Hard Kill,2020,3.3,19750.0,13.322,5.1
2362,tm917822,The 2nd,2020,3.8,8590.0,12.089,5.5
2367,tm886086,Seized,2020,5.3,2270.0,12.92,6.6
2369,tm375446,Asphalt Burning,2020,5.1,2315.0,18.974,5.4
2387,tm319139,Saaho,2019,5.0,19610.0,7.256,6.1
2388,tm461159,Trouble,2019,5.8,3281.0,17.173,6.7
2389,tm305433,Rocko's Modern Life: Static Cling,2019,6.9,3865.0,10.256,6.5
2392,tm978401,Mosul,2019,6.246748323126275,26909.378259595665,7.95,6.7
2398,tm816992,Double World,2020,6.1,4160.0,14.66,6.7
2399,tm854278,Rogue City,2020,6.246748323126275,26909.378259595665,10.026,5.863
2400,tm467804,Watchman,2019,6.246748323126275,26909.378259595665,1.537,5.2
2405,tm814150,How I Became a Super Hero,2020,5.8,5194.0,125.201,6.2
2406,tm864480,Unknown Origins,2020,6.1,6769.0,8.534,6.1
2407,tm518467,Dragon Rider,2020,5.6,1597.0,14.144,7.3
2408,tm844250,Ala Vaikunthapurramuloo,2020,7.3,17029.0,9.691,6.8
2410,tm366245,Drive,2019,3.1,7671.0,19.937,5.4
2421,tm452962,Eye for an Eye,2019,6.6,7625.0,10.68,6.7
2428,tm898262,Coven,2020,6.4,4754.0,7.981,6.752
2434,tm890660,The Paramedic,2020,5.7,12396.0,11.497,6.1
2444,tm835432,Sky High,2020,5.6,3532.0,27.138,6.217
2448,tm886283,Legacy of Lies,2020,5.0,3493.0,10.179,5.6
2463,tm465513,Bulletproof 2,2020,3.5,615.0,12.219,6.7
2478,tm450832,Paradise Beach,2019,4.6,2242.0,12.684,5.2
2479,tm450462,Petta,2019,7.3,9778.0,6.578,7.1
2485,tm466954,Alien Warfare,2019,2.6,3527.0,18.55,4.1
2491,tm925858,Black Beach,2020,5.6,1572.0,6.955,6.0
2500,tm462277,Romeo Akbar Walter,2019,6.6,5773.0,5.086,6.5
2508,tm931436,Welcome to Sudden Death,2020,4.3,26909.378259595665,10.589,6.3
2517,tm847623,Rogue Warfare: Death of a Nation,2020,3.3,380.0,3.373,4.8
2518,tm925218,Monster Run,2020,5.2,417.0,4.601,4.8
2523,tm917325,Dragons: Rescue Riders: Secrets of the Songwing,2020,5.0,181.0,15.106,8.0
2524,tm838954,Wira,2019,6.3,476.0,2.33,5.4
2525,tm675154,Malaal,2019,5.8,1066.0,1.644,5.3
2529,tm856424,Bheeshma,2020,6.5,4028.0,2.2,6.6
2533,tm455161,Panipat,2019,5.2,5615.0,4.63,7.1
2539,tm465427,Maria,2019,5.0,2065.0,9.293,6.3
2551,tm836674,The Main Event,2020,4.8,2327.0,15.911,6.7
2556,tm945435,Octonauts and the Great Barrier Reef,2020,6.5,141.0,4.123,10.0
2557,tm474061,Malibu Rescue,2019,4.9,1277.0,12.447,6.4
2565,tm483602,Malang,2020,6.5,10490.0,4.904,7.4
2582,tm466832,Dragon Quest: Your Story,2019,6.5,2831.0,13.817,6.8
2600,tm452867,Jo Pil-ho: The Dawning Rage,2019,6.3,2193.0,10.819,6.0
2614,tm921416,Class of '83,2020,5.8,5628.0,3.481,5.8
2616,tm861718,Villain,2020,5.9,3324.0,4.029,5.9
2618,tm442199,Shanghai Fortress,2019,4.3,2383.0,27.126,5.6
2619,tm455197,Kabir Singh,2019,7.0,31918.0,7.633,6.9
2626,tm851912,Gunjan Saxena: The Kargil Girl,2020,5.6,34567.0,6.318,7.4
2627,tm941531,The Beast,2020,5.2,4323.0,9.785,6.3
2631,tm873159,The Yin-Yang Master: Dream of Eternity,2020,6.4,4751.0,30.086,7.5
2643,tm429172,The (Silent) War,2019,5.5,681.0,4.766,5.9
2644,tm849131,I Am Vengeance: Retaliation,2020,3.4,3075.0,10.168,6.1
2648,tm824560,The Lost Okoroshi,2020,5.8,175.0,1.196,6.6
2655,tm835512,The Spooky Tale of Captain Underpants Hack-a-Ween,2019,5.9,208.0,6.989,6.2
2685,tm843958,Rogue Warfare: The Hunt,2019,3.1,590.0,8.239,5.6
2687,tm1149814,Uncovered,2019,4.6,24.0,0.887,6.4640118343195265
2695,tm501222,Twin Murders: The Silence of the White City,2019,5.3,5307.0,11.036,5.6
2696,tm428506,The Man Who Feels No Pain,2019,7.3,7761.0,2.934,6.8
2703,tm847212,Thambi,2019,6.246748323126275,26909.378259595665,2.896,6.4
2705,tm234980,A Choo,2020,5.5,378.0,3.187,5.0
2710,tm856945,Carmen Sandiego: To Steal or Not to Steal,2020,6.246748323126275,26909.378259595665,5.246,6.4
2711,tm859143,Torbaaz,2020,6.9,17892.0,2.797,7.6
2714,tm918960,The Magic School Bus Rides Again: Kids in Space,2020,6.1,86.0,3.821,7.6
2726,tm883113,Earth and Blood,2020,6.246748323126275,26909.378259595665,17.451,6.2
2729,tm878995,Dragons: Rescue Riders: Hunt for the Golden Dragon,2020,5.1,155.0,7.16,6.8
2743,tm845607,Spirit Riding Free: Spirit of Christmas,2019,5.2,124.0,8.492,6.9
2744,tm926528,AK vs AK,2020,6.9,14195.0,3.757,7.3
2762,tm115973,Guna 369,2019,6.7,19.0,2.278,5.0
2763,tm869373,High & Low: The Worst,2019,6.7,516.0,4.017,7.1
2765,tm848444,Masameer: The Movie,2020,5.9,2274.0,2.473,6.2
2774,tm452237,The Car: Road to Revenge,2019,4.0,1096.0,20.461,6.6
2785,tm996316,Omo Ghetto: The Saga,2020,7.5,60.0,1.4,5.5
2787,tm834653,The Knight and the Princess,2019,5.5,394.0,1.209,6.4640118343195265
2794,tm918373,Malibu Rescue: The Next Wave,2020,4.8,841.0,8.488,6.5
2795,tm457410,Money Trap,2019,6.0,14565.0,9.695,5.6
2801,tm925785,Dark Forces,2020,2.7,597.0,4.03,4.3
2802,tm454464,Pegasus,2019,6.3,1813.0,5.369,6.3
2839,tm938434,All Because of You,2020,3.9,218.0,2.519,6.6
2851,tm810357,True: Happy Hearts Day,2019,6.246748323126275,26909.378259595665,2.006,7.0
2871,tm982018,A Trash Truck Christmas,2020,5.5,214.0,17.611,6.5
2885,tm925186,Santana,2020,3.8,984.0,7.095,5.6
2887,tm846630,Tarung Sarung,2020,5.9,196.0,3.165,7.4
2903,tm847805,Ludo,2020,7.6,37528.0,10.329,7.5
2908,tm820338,The 9th Precinct,2019,5.6,535.0,14.932,6.1
2909,tm844236,True: Winter Wishes,2019,6.246748323126275,26909.378259595665,3.056,6.4
2920,tm949905,Asura Guru,2020,3.2,322.0,20.314545995042334,6.4640118343195265
2922,tm935941,Horrid Henry's Gross Day Out,2020,5.9,47.0,2.448,1.0
2931,tm466854,Uriyadi 2,2019,7.1,888.0,2.803,6.9
2949,tm981956,Spirit Riding Free: Ride Along Adventure,2020,6.1,61.0,1.52,8.7
2967,tm922407,Kilometers and Kilometers,2020,6.3,1592.0,2.453,5.6
2975,tm1073424,Motu Patlu the Superheroes – Super Villains from Mars,2019,6.246748323126275,26909.378259595665,0.89,10.0
2987,tm888850,"Blue, Painful, and Brittle",2020,6.246748323126275,26909.378259595665,3.108,6.0
3030,tm826983,The Girl and the Gun,2019,6.246748323126275,26909.378259595665,1.708,6.1
3046,tm464284,We Are Legends,2019,5.2,195.0,1.663,5.0
3071,tm1080445,The Gray Man,2022,6.6,46071.0,510.268,6.851
3072,tm463762,RRR,2022,8.0,87515.0,53.526,7.8
3074,tm852360,The Man from Toronto,2022,5.8,31497.0,1439.906,6.449
3077,tm1020438,Spiderhead,2022,5.4,43239.0,996.869,5.8
3083,tm928497,Valley of the Dead,2022,6.5,114.0,1668.296,6.303
3085,tm1082564,The Adam Project,2022,6.7,183489.0,317.154,7.106
3088,tm1072066,Blasted,2022,4.8,1528.0,41.268,5.3
3090,tm1044289,Interceptor,2022,4.5,20007.0,438.512,6.13
3093,tm404856,Red Notice,2021,6.3,264194.0,311.673,6.775
3097,tm852172,Apollo 10½:  A Space Age Childhood,2022,7.3,6681.0,8.534,7.2
3100,tm825714,The Harder They Fall,2021,6.5,59833.0,114.813,6.746
3101,tm996762,Major,2022,9.1,7576.0,6.429,8.188
3106,tm986168,The Guilty,2021,6.3,117984.0,33.761,6.4
3107,tm1019177,The Colony,2021,5.3,8495.0,23.747,5.6
3114,tm1014947,Against the Ice,2022,6.5,20521.0,60.566,6.9
3117,tm1117040,Anek,2022,7.1,19394.0,9.261,5.2
3123,tm1180524,Av: The Hunt,2021,5.5,344.0,5.264,6.0
3124,tm501313,Gunpowder Milkshake,2021,6.0,42709.0,106.522,6.398
3125,tm1137051,Bubble,2022,6.3,4597.0,550.643,7.497
3128,tm1048362,Army of Thieves,2021,6.4,73790.0,157.021,6.9
3133,tm456513,Army of the Dead,2021,5.7,169348.0,131.869,6.3
3136,tm1064065,Black Crab,2022,5.6,19159.0,207.948,6.3
3141,tm1046932,Kate,2021,6.2,59480.0,64.19,6.7
3155,tm1046264,The Vault,2021,6.4,21511.0,22.456,5.9
3160,tm1087461,Last Man Down,2021,4.8,12850.0,358.251,6.273
3161,tm1046026,The Trip,2021,6.9,20921.0,65.274,6.7
3170,tm1110527,Captain Nova,2021,5.5,1391.0,7.99,6.2
3171,tm1022103,Outlaws,2021,6.9,3985.0,67.192,7.0
3177,tm841797,The Ice Road,2021,5.6,38927.0,35.718,7.009
3181,tm1219505,Centauro,2022,6.246748323126275,26909.378259595665,492.606,6.331
3191,tm413169,Peter Rabbit 2: The Runaway,2021,6.2,11233.0,130.318,7.2
3193,tm1151272,Beast,2022,5.2,30369.0,15.358,6.3
3198,tm841825,My Little Pony: A New Generation,2021,6.8,3657.0,88.17,8.0
3199,tm1159163,Fistful of Vengeance,2022,4.4,6341.0,211.567,5.4
3200,tm1164962,Restless,2022,5.8,4174.0,217.363,6.0
3201,tm1027081,Blood Red Sky,2021,6.1,44006.0,57.545,7.0
3203,tm1003034,The Witcher: Nightmare of the Wolf,2021,7.2,42484.0,16.901,7.7
3205,tm1217459,Godse,2022,8.2,199.0,10.447,7.0
3208,tm458292,Space Sweepers,2021,6.5,25178.0,65.593,7.147
3209,tm459789,The Lovebirds,2021,6.0,25697.0,9.076,5.8
3218,tm1166020,The Takedown,2022,5.7,5948.0,312.312,6.0
3222,tm465421,The Pirates: The Last Royal Treasure,2022,6.0,3367.0,94.042,6.6
3223,tm1038327,Beckett,2021,5.6,25703.0,86.212,6.3
3226,tm1020820,Night Teeth,2021,5.6,17526.0,68.073,6.5
3228,tm993670,Cosmic Sin,2021,2.5,12517.0,98.432,4.2
3230,tm1038363,America: The Motion Picture,2021,5.6,6349.0,68.439,5.8
3232,tm1073510,SAS: Red Notice,2021,5.2,18190.0,89.579,5.9
3235,tm1020073,Thunder Force,2021,4.4,41508.0,47.631,5.7
3237,tm1038344,Awake,2021,4.9,21498.0,89.154,6.0
3241,tm977704,Robin Robin,2021,7.2,1533.0,46.42,7.1
3244,tm1195561,Kuttavum Shikshayum,2022,6.2,610.0,3.096,8.5
3249,tm858869,Stowaway,2021,5.6,45090.0,23.376,5.875
3253,tm898614,Sweet Girl,2021,5.5,31312.0,106.627,6.7
3254,tm1086874,Minnal Murali,2021,8.1,24681.0,68.032,7.2
3256,tm996676,Viraata Parvam,2022,8.0,2343.0,4.78,5.0
3262,tm1185687,Silverton Siege,2022,6.2,3434.0,230.111,6.5
3265,tm863823,Finding ʻOhana,2021,6.1,10056.0,50.07,6.5
3267,tm999817,Green Snake,2021,6.8,2348.0,15.949,8.5
3271,tm1161601,Ben & Jody,2022,5.4,222.0,5.486,5.7
3275,tm999927,A Cop Movie,2021,7.0,1739.0,10.354,7.3
3288,tm1195032,Thar,2022,6.1,4703.0,4.937,6.8
3290,tm1005109,Kingdom: Ashin of the North,2021,7.2,4890.0,62.804,7.459
3310,tm319224,The Loud House Movie,2021,6.1,2027.0,88.011,7.6
3312,tm1045741,Blue Miracle,2021,6.6,6778.0,17.953,7.6
3313,tm855641,Home2Home,2022,7.9,136.0,1.908,7.0
3315,tm855075,Rurouni Kenshin: The Beginning,2021,7.4,8273.0,124.417,7.8
3318,tm881587,"Vengeance Is Mine, All Others Pay Cash",2021,7.0,559.0,2.51,7.8
3319,tm816591,The Getaway King,2021,6.5,1812.0,5.27,6.8
3320,tm810504,Yaksha: Ruthless Operations,2022,6.2,3146.0,332.936,6.2
3321,tm983270,Outside the Wire,2021,5.4,42078.0,87.801,6.4
3326,tm863919,Extinct,2021,5.4,2590.0,61.643,6.4
3327,tm974195,The Fable: The Killer Who Doesn't Kill,2021,6.8,1486.0,5.818,6.9
3328,tm858000,Rurouni Kenshin: The Final,2021,7.2,8614.0,64.962,7.9
3340,tm1031976,Dhamaka,2021,7.2,40263.0,72.416,7.3
3341,tm1093287,The River Runner,2021,6.9,1667.0,2.283,6.7
3343,tm1120509,Never Back Down: Revolt,2021,4.0,535.0,81.744,6.6
3353,tm817075,Furioza,2021,6.2,4129.0,14.047,6.2
3362,tm880822,Mobile Suit Gundam Hathaway,2021,6.6,1400.0,261.753,7.6
3368,tm998726,Sentinelle,2021,4.7,7844.0,59.784,5.9
3378,tm1029256,Ferry,2021,7.0,10900.0,29.798,6.8
3381,tm675820,A Boy Called Christmas,2021,6.7,21085.0,60.608,7.507
3386,tm466544,Sooryavanshi,2021,6.3,75952.0,121.867,5.7
3388,tm1111717,L.O.L. Surprise: The Movie,2021,3.8,129.0,109.716,6.9
3418,tm1065041,The Seven Deadly Sins: Cursed by Light,2021,6.4,970.0,470.787,7.9
3419,tm1132325,Don,2022,7.0,6667.0,2.708,7.1
3420,tm1038355,The Last Mercenary,2021,5.3,8476.0,108.089,6.6
3426,tm963182,Trollhunters: Rise of the Titans,2021,6.7,4818.0,88.183,7.8
3427,tm1114205,Amina,2021,3.8,311.0,122.546,6.4
3430,tm949382,Looop Lapeta,2022,5.2,4327.0,286.682,6.3
3438,tm475430,Super Me,2021,5.8,1605.0,41.515,7.7
3446,tm454879,Major Grom: Plague Doctor,2021,6.3,11939.0,170.53,6.7
3449,tm1022893,Dynasty Warriors,2021,4.7,2146.0,165.339,6.4
3454,tm998033,Doctor,2021,7.5,15385.0,3.878,6.7
3463,tm1198504,Ghost in the Shell: SAC_2045 Sustainable War,2021,6.246748323126275,26909.378259595665,6.36,6.9
3473,tm1102151,Bright: Samurai Soul,2021,5.5,830.0,39.563,5.8
3486,tm948681,Below Zero,2021,6.2,19201.0,49.755,6.4
3493,tm813372,Etharkkum Thunindhavan,2022,6.6,11591.0,20.314545995042334,6.4640118343195265
3501,tm1183542,Mishan Impossible,2022,6.8,691.0,2.884,7.2
3504,tm876083,Xtreme,2021,5.8,4351.0,31.451,6.6
3519,tm1075596,Monster Hunter: Legends of the Guild,2021,6.246748323126275,26909.378259595665,16.28,5.7
3539,tm856634,Jagame Thandhiram,2021,5.8,11731.0,12.421,6.4
3548,tm1003376,Get the Goat,2021,6.0,1784.0,16.027,6.9
3553,tm1000296,New Gods: Nezha Reborn,2021,6.8,3150.0,3.078,8.2
3575,tm995613,Animals on the Loose: A You vs. Wild Interactive Movie,2021,5.8,949.0,3.105,5.7
3590,tm1019865,Wild Dog,2021,6.1,2283.0,3.231,5.9
3594,tm1027639,Annaatthe,2021,4.0,9643.0,3.922,7.1
3607,tm886193,Laabam,2021,3.4,799.0,2.339,5.0
3618,tm1095880,You vs. Wild: Out Cold,2021,5.4,309.0,3.864,6.1
3635,tm1068632,Bartkowiak,2021,5.1,1205.0,62.624,6.2
3642,tm996996,The Misadventures of Hedi and Cokeman,2021,4.4,641.0,19.908,6.4640118343195265
3678,tm1098060,Shadow Parties,2021,6.2,9.0,1.286,6.4640118343195265
3697,tm986017,Gatao: The Last Stray,2021,5.9,266.0,3.141,4.9
3721,tm1110241,Kaaval,2021,5.1,1497.0,1.978,5.3
